<?xml version="1.0" encoding="UTF-8"?>
<project-private xmlns="http://www.netbeans.org/ns/project-private/1">
    <editor-bookmarks xmlns="http://www.netbeans.org/ns/editor-bookmarks/2" lastBookmarkId="0"/>
    <open-files xmlns="http://www.netbeans.org/ns/projectui-open-files/2">
        <group>
            <file>file:/D:/Kuliah/Tugas/Praktikum/1.Object%20Oriented%20Programming/Task%20and%20Exercise/week11/Latihan%20GUI/src/latihan/gui/MainFrame.java</file>
            <file>file:/D:/Kuliah/Tugas/Praktikum/1.Object%20Oriented%20Programming/Task%20and%20Exercise/week11/Latihan%20GUI/src/latihan/gui/Update.java</file>
        </group>
    </open-files>
</project-private>
